"signature","type","channel","fraction"
"RNA.SBS1","A>C","A[A>C]A",2.45e-05
"RNA.SBS1","A>C","A[A>C]C",1.33e-05
"RNA.SBS1","A>C","A[A>C]G",3.81e-05
"RNA.SBS1","A>C","A[A>C]T",9.66e-06
"RNA.SBS1","A>G","A[A>G]A",0.035655038
"RNA.SBS1","A>G","A[A>G]C",0.020430637
"RNA.SBS1","A>G","A[A>G]G",0.200239365
"RNA.SBS1","A>G","A[A>G]T",0.018176868
"RNA.SBS1","A>T","A[A>T]A",0.000249681
"RNA.SBS1","A>T","A[A>T]C",0
"RNA.SBS1","A>T","A[A>T]G",2.86e-05
"RNA.SBS1","A>T","A[A>T]T",3.08e-05
"RNA.SBS1","C>A","A[C>A]A",5.22e-05
"RNA.SBS1","C>A","A[C>A]C",4.44e-05
"RNA.SBS1","C>A","A[C>A]G",0.00042305
"RNA.SBS1","C>A","A[C>A]T",6.05e-05
"RNA.SBS1","C>G","A[C>G]A",0.000113286
"RNA.SBS1","C>G","A[C>G]C",1.74e-05
"RNA.SBS1","C>G","A[C>G]G",4.53e-05
"RNA.SBS1","C>G","A[C>G]T",0.00071653
"RNA.SBS1","C>T","A[C>T]A",0.000889186
"RNA.SBS1","C>T","A[C>T]C",0.00021872
"RNA.SBS1","C>T","A[C>T]G",0.00049247
"RNA.SBS1","C>T","A[C>T]T",0.006344512
"RNA.SBS1","G>A","A[G>A]A",0.00039795
"RNA.SBS1","G>A","A[G>A]C",0.001918092
"RNA.SBS1","G>A","A[G>A]G",0.000337505
"RNA.SBS1","G>A","A[G>A]T",0.000400713
"RNA.SBS1","G>C","A[G>C]A",0.000131848
"RNA.SBS1","G>C","A[G>C]C",8.54e-05
"RNA.SBS1","G>C","A[G>C]G",0.000949045
"RNA.SBS1","G>C","A[G>C]T",0.000183032
"RNA.SBS1","G>T","A[G>T]A",0.00023855
"RNA.SBS1","G>T","A[G>T]C",0.001259368
"RNA.SBS1","G>T","A[G>T]G",3.38e-05
"RNA.SBS1","G>T","A[G>T]T",0.000200196
"RNA.SBS1","T>A","A[T>A]A",3.46e-05
"RNA.SBS1","T>A","A[T>A]C",0
"RNA.SBS1","T>A","A[T>A]G",4.44e-05
"RNA.SBS1","T>A","A[T>A]T",6.75e-05
"RNA.SBS1","T>C","A[T>C]A",0.000450631
"RNA.SBS1","T>C","A[T>C]C",0.00349237
"RNA.SBS1","T>C","A[T>C]G",0.002418677
"RNA.SBS1","T>C","A[T>C]T",0.000314361
"RNA.SBS1","T>G","A[T>G]A",4.36e-05
"RNA.SBS1","T>G","A[T>G]C",8.67e-06
"RNA.SBS1","T>G","A[T>G]G",0.003687309
"RNA.SBS1","T>G","A[T>G]T",0.004401209
"RNA.SBS1","A>C","C[A>C]A",8.71e-05
"RNA.SBS1","A>C","C[A>C]C",0.000279614
"RNA.SBS1","A>C","C[A>C]G",0.000487004
"RNA.SBS1","A>C","C[A>C]T",0
"RNA.SBS1","A>G","C[A>G]A",0.004278463
"RNA.SBS1","A>G","C[A>G]C",0.009007546
"RNA.SBS1","A>G","C[A>G]G",0.158760057
"RNA.SBS1","A>G","C[A>G]T",0.00582586
"RNA.SBS1","A>T","C[A>T]A",9.52e-06
"RNA.SBS1","A>T","C[A>T]C",3.93e-05
"RNA.SBS1","A>T","C[A>T]G",2.76e-05
"RNA.SBS1","A>T","C[A>T]T",2.51e-05
"RNA.SBS1","C>A","C[C>A]A",0.000111089
"RNA.SBS1","C>A","C[C>A]C",0.000288764
"RNA.SBS1","C>A","C[C>A]G",5.98e-05
"RNA.SBS1","C>A","C[C>A]T",0.002203069
"RNA.SBS1","C>G","C[C>G]A",0.000137311
"RNA.SBS1","C>G","C[C>G]C",2.37e-06
"RNA.SBS1","C>G","C[C>G]G",7.58e-05
"RNA.SBS1","C>G","C[C>G]T",6.41e-05
"RNA.SBS1","C>T","C[C>T]A",0.0017927
"RNA.SBS1","C>T","C[C>T]C",0.001127692
"RNA.SBS1","C>T","C[C>T]G",0.003410492
"RNA.SBS1","C>T","C[C>T]T",0.001588728
"RNA.SBS1","G>A","C[G>A]A",0.000400546
"RNA.SBS1","G>A","C[G>A]C",0.001392078
"RNA.SBS1","G>A","C[G>A]G",0.001611987
"RNA.SBS1","G>A","C[G>A]T",0.000258479
"RNA.SBS1","G>C","C[G>C]A",0.000238468
"RNA.SBS1","G>C","C[G>C]C",3.34e-05
"RNA.SBS1","G>C","C[G>C]G",0
"RNA.SBS1","G>C","C[G>C]T",7.04e-06
"RNA.SBS1","G>T","C[G>T]A",0.000176154
"RNA.SBS1","G>T","C[G>T]C",4.9e-05
"RNA.SBS1","G>T","C[G>T]G",4.52e-05
"RNA.SBS1","G>T","C[G>T]T",0.000106014
"RNA.SBS1","T>A","C[T>A]A",2.11e-05
"RNA.SBS1","T>A","C[T>A]C",8.18e-05
"RNA.SBS1","T>A","C[T>A]G",8.5e-05
"RNA.SBS1","T>A","C[T>A]T",1.25e-05
"RNA.SBS1","T>C","C[T>C]A",0.003124838
"RNA.SBS1","T>C","C[T>C]C",0.020945104
"RNA.SBS1","T>C","C[T>C]G",0.000460244
"RNA.SBS1","T>C","C[T>C]T",0.001476514
"RNA.SBS1","T>G","C[T>G]A",4.57e-05
"RNA.SBS1","T>G","C[T>G]C",1.35e-05
"RNA.SBS1","T>G","C[T>G]G",0.000199758
"RNA.SBS1","T>G","C[T>G]T",1.66e-05
"RNA.SBS1","A>C","G[A>C]A",3.58e-05
"RNA.SBS1","A>C","G[A>C]C",7.46e-05
"RNA.SBS1","A>C","G[A>C]G",6.33e-05
"RNA.SBS1","A>C","G[A>C]T",0
"RNA.SBS1","A>G","G[A>G]A",0.003506687
"RNA.SBS1","A>G","G[A>G]C",0.000114872
"RNA.SBS1","A>G","G[A>G]G",0.008511646
"RNA.SBS1","A>G","G[A>G]T",6.53e-05
"RNA.SBS1","A>T","G[A>T]A",3.14e-05
"RNA.SBS1","A>T","G[A>T]C",1.78e-05
"RNA.SBS1","A>T","G[A>T]G",5.16e-05
"RNA.SBS1","A>T","G[A>T]T",0.000153835
"RNA.SBS1","C>A","G[C>A]A",0.000146469
"RNA.SBS1","C>A","G[C>A]C",6.96e-05
"RNA.SBS1","C>A","G[C>A]G",2.59e-05
"RNA.SBS1","C>A","G[C>A]T",7.23e-05
"RNA.SBS1","C>G","G[C>G]A",4.18e-05
"RNA.SBS1","C>G","G[C>G]C",0.000154819
"RNA.SBS1","C>G","G[C>G]G",2.28e-05
"RNA.SBS1","C>G","G[C>G]T",3.38e-05
"RNA.SBS1","C>T","G[C>T]A",0.000189475
"RNA.SBS1","C>T","G[C>T]C",0.003042141
"RNA.SBS1","C>T","G[C>T]G",0.000360856
"RNA.SBS1","C>T","G[C>T]T",0.007543922
"RNA.SBS1","G>A","G[G>A]A",0.001641663
"RNA.SBS1","G>A","G[G>A]C",0.00636525
"RNA.SBS1","G>A","G[G>A]G",0.001846434
"RNA.SBS1","G>A","G[G>A]T",0.000615488
"RNA.SBS1","G>C","G[G>C]A",0.000163073
"RNA.SBS1","G>C","G[G>C]C",0.000202947
"RNA.SBS1","G>C","G[G>C]G",0.000115503
"RNA.SBS1","G>C","G[G>C]T",0.000154685
"RNA.SBS1","G>T","G[G>T]A",0.000227049
"RNA.SBS1","G>T","G[G>T]C",0.000260856
"RNA.SBS1","G>T","G[G>T]G",0.000380952
"RNA.SBS1","G>T","G[G>T]T",0.000423874
"RNA.SBS1","T>A","G[T>A]A",1.87e-05
"RNA.SBS1","T>A","G[T>A]C",0
"RNA.SBS1","T>A","G[T>A]G",0.000205415
"RNA.SBS1","T>A","G[T>A]T",3.53e-05
"RNA.SBS1","T>C","G[T>C]A",0.001799354
"RNA.SBS1","T>C","G[T>C]C",0.006628743
"RNA.SBS1","T>C","G[T>C]G",0.000372989
"RNA.SBS1","T>C","G[T>C]T",0.000998201
"RNA.SBS1","T>G","G[T>G]A",0.000191271
"RNA.SBS1","T>G","G[T>G]C",0.000883235
"RNA.SBS1","T>G","G[T>G]G",0.000205133
"RNA.SBS1","T>G","G[T>G]T",1.44e-05
"RNA.SBS1","A>C","T[A>C]A",4.19e-05
"RNA.SBS1","A>C","T[A>C]C",0
"RNA.SBS1","A>C","T[A>C]G",1.44e-05
"RNA.SBS1","A>C","T[A>C]T",0.000144632
"RNA.SBS1","A>G","T[A>G]A",0.046342841
"RNA.SBS1","A>G","T[A>G]C",0.06486876
"RNA.SBS1","A>G","T[A>G]G",0.227248867
"RNA.SBS1","A>G","T[A>G]T",0.064710563
"RNA.SBS1","A>T","T[A>T]A",0
"RNA.SBS1","A>T","T[A>T]C",8.02e-06
"RNA.SBS1","A>T","T[A>T]G",3.82e-05
"RNA.SBS1","A>T","T[A>T]T",6.74e-05
"RNA.SBS1","C>A","T[C>A]A",1.59e-05
"RNA.SBS1","C>A","T[C>A]C",2.54e-05
"RNA.SBS1","C>A","T[C>A]G",2.32e-05
"RNA.SBS1","C>A","T[C>A]T",3.02e-05
"RNA.SBS1","C>G","T[C>G]A",0.000312318
"RNA.SBS1","C>G","T[C>G]C",0.000160765
"RNA.SBS1","C>G","T[C>G]G",3.15e-05
"RNA.SBS1","C>G","T[C>G]T",0.00017969
"RNA.SBS1","C>T","T[C>T]A",0.000858041
"RNA.SBS1","C>T","T[C>T]C",0.000831515
"RNA.SBS1","C>T","T[C>T]G",0.002071684
"RNA.SBS1","C>T","T[C>T]T",0.000872614
"RNA.SBS1","G>A","T[G>A]A",0.000512063
"RNA.SBS1","G>A","T[G>A]C",0.007725382
"RNA.SBS1","G>A","T[G>A]G",0.001447834
"RNA.SBS1","G>A","T[G>A]T",0.000197636
"RNA.SBS1","G>C","T[G>C]A",0.000158428
"RNA.SBS1","G>C","T[G>C]C",6.41e-05
"RNA.SBS1","G>C","T[G>C]G",0.000207597
"RNA.SBS1","G>C","T[G>C]T",2.29e-05
"RNA.SBS1","G>T","T[G>T]A",0.00016792
"RNA.SBS1","G>T","T[G>T]C",0.002237088
"RNA.SBS1","G>T","T[G>T]G",0.000363793
"RNA.SBS1","G>T","T[G>T]T",0.000357641
"RNA.SBS1","T>A","T[T>A]A",1.05e-05
"RNA.SBS1","T>A","T[T>A]C",2.44e-05
"RNA.SBS1","T>A","T[T>A]G",5.92e-05
"RNA.SBS1","T>A","T[T>A]T",0.000330943
"RNA.SBS1","T>C","T[T>C]A",0.000333578
"RNA.SBS1","T>C","T[T>C]C",0.001376909
"RNA.SBS1","T>C","T[T>C]G",0.000859625
"RNA.SBS1","T>C","T[T>C]T",0.000378147
"RNA.SBS1","T>G","T[T>G]A",0.000116124
"RNA.SBS1","T>G","T[T>G]C",0.000132377
"RNA.SBS1","T>G","T[T>G]G",3.31e-05
"RNA.SBS1","T>G","T[T>G]T",0
"RNA.SBS2","A>C","A[A>C]A",4.43e-06
"RNA.SBS2","A>C","A[A>C]C",0.000573739
"RNA.SBS2","A>C","A[A>C]G",1.61e-05
"RNA.SBS2","A>C","A[A>C]T",3.12e-05
"RNA.SBS2","A>G","A[A>G]A",0.00459517
"RNA.SBS2","A>G","A[A>G]C",0.001558437
"RNA.SBS2","A>G","A[A>G]G",0.006177756
"RNA.SBS2","A>G","A[A>G]T",0.009764373
"RNA.SBS2","A>T","A[A>T]A",0.000237068
"RNA.SBS2","A>T","A[A>T]C",0
"RNA.SBS2","A>T","A[A>T]G",7.04e-05
"RNA.SBS2","A>T","A[A>T]T",1.06e-05
"RNA.SBS2","C>A","A[C>A]A",4.66e-05
"RNA.SBS2","C>A","A[C>A]C",4.28e-05
"RNA.SBS2","C>A","A[C>A]G",0.000547818
"RNA.SBS2","C>A","A[C>A]T",3.94e-05
"RNA.SBS2","C>G","A[C>G]A",0.000348604
"RNA.SBS2","C>G","A[C>G]C",1.68e-05
"RNA.SBS2","C>G","A[C>G]G",3.54e-05
"RNA.SBS2","C>G","A[C>G]T",0.000391938
"RNA.SBS2","C>T","A[C>T]A",0.001663523
"RNA.SBS2","C>T","A[C>T]C",0.001070496
"RNA.SBS2","C>T","A[C>T]G",0.00262585
"RNA.SBS2","C>T","A[C>T]T",0.003313879
"RNA.SBS2","G>A","A[G>A]A",0.001163179
"RNA.SBS2","G>A","A[G>A]C",0.001466698
"RNA.SBS2","G>A","A[G>A]G",0.000368956
"RNA.SBS2","G>A","A[G>A]T",0.000246816
"RNA.SBS2","G>C","A[G>C]A",0.000682447
"RNA.SBS2","G>C","A[G>C]C",7.18e-05
"RNA.SBS2","G>C","A[G>C]G",0.001340975
"RNA.SBS2","G>C","A[G>C]T",0.001397152
"RNA.SBS2","G>T","A[G>T]A",0.00076881
"RNA.SBS2","G>T","A[G>T]C",0.000240056
"RNA.SBS2","G>T","A[G>T]G",0.000168065
"RNA.SBS2","G>T","A[G>T]T",0.00033525
"RNA.SBS2","T>A","A[T>A]A",0.000252078
"RNA.SBS2","T>A","A[T>A]C",0
"RNA.SBS2","T>A","A[T>A]G",0.001227168
"RNA.SBS2","T>A","A[T>A]T",2.12e-05
"RNA.SBS2","T>C","A[T>C]A",0.000201366
"RNA.SBS2","T>C","A[T>C]C",0.004153045
"RNA.SBS2","T>C","A[T>C]G",0.005420251
"RNA.SBS2","T>C","A[T>C]T",0.000529604
"RNA.SBS2","T>G","A[T>G]A",0.000239517
"RNA.SBS2","T>G","A[T>G]C",9.39e-05
"RNA.SBS2","T>G","A[T>G]G",0.003461749
"RNA.SBS2","T>G","A[T>G]T",0.00320736
"RNA.SBS2","A>C","C[A>C]A",0.001022148
"RNA.SBS2","A>C","C[A>C]C",0.000220708
"RNA.SBS2","A>C","C[A>C]G",0.000471749
"RNA.SBS2","A>C","C[A>C]T",0
"RNA.SBS2","A>G","C[A>G]A",0.002570686
"RNA.SBS2","A>G","C[A>G]C",0.001127766
"RNA.SBS2","A>G","C[A>G]G",0.005796538
"RNA.SBS2","A>G","C[A>G]T",0.001036424
"RNA.SBS2","A>T","C[A>T]A",1.08e-05
"RNA.SBS2","A>T","C[A>T]C",0.00105942
"RNA.SBS2","A>T","C[A>T]G",0.000613388
"RNA.SBS2","A>T","C[A>T]T",0.000631415
"RNA.SBS2","C>A","C[C>A]A",0.000407848
"RNA.SBS2","C>A","C[C>A]C",0.001525597
"RNA.SBS2","C>A","C[C>A]G",0.000715641
"RNA.SBS2","C>A","C[C>A]T",0.000649678
"RNA.SBS2","C>G","C[C>G]A",8.95e-05
"RNA.SBS2","C>G","C[C>G]C",3.83e-06
"RNA.SBS2","C>G","C[C>G]G",9.21e-07
"RNA.SBS2","C>G","C[C>G]T",0.001177182
"RNA.SBS2","C>T","C[C>T]A",0.022062203
"RNA.SBS2","C>T","C[C>T]C",0.006424574
"RNA.SBS2","C>T","C[C>T]G",0.06775126
"RNA.SBS2","C>T","C[C>T]T",0.001283112
"RNA.SBS2","G>A","C[G>A]A",0.002656826
"RNA.SBS2","G>A","C[G>A]C",0.009434764
"RNA.SBS2","G>A","C[G>A]G",0.001730058
"RNA.SBS2","G>A","C[G>A]T",0.003115038
"RNA.SBS2","G>C","C[G>C]A",0.000304698
"RNA.SBS2","G>C","C[G>C]C",8.82e-06
"RNA.SBS2","G>C","C[G>C]G",0
"RNA.SBS2","G>C","C[G>C]T",2.97e-05
"RNA.SBS2","G>T","C[G>T]A",0.000320178
"RNA.SBS2","G>T","C[G>T]C",0.000202384
"RNA.SBS2","G>T","C[G>T]G",0.000532014
"RNA.SBS2","G>T","C[G>T]T",0.000949711
"RNA.SBS2","T>A","C[T>A]A",0.000166418
"RNA.SBS2","T>A","C[T>A]C",0.000265633
"RNA.SBS2","T>A","C[T>A]G",0.000698691
"RNA.SBS2","T>A","C[T>A]T",6.37e-05
"RNA.SBS2","T>C","C[T>C]A",0.000698315
"RNA.SBS2","T>C","C[T>C]C",0.010046395
"RNA.SBS2","T>C","C[T>C]G",0.000448443
"RNA.SBS2","T>C","C[T>C]T",0.000605017
"RNA.SBS2","T>G","C[T>G]A",7.32e-05
"RNA.SBS2","T>G","C[T>G]C",3.02e-05
"RNA.SBS2","T>G","C[T>G]G",0.001117252
"RNA.SBS2","T>G","C[T>G]T",0.000141361
"RNA.SBS2","A>C","G[A>C]A",0.000214794
"RNA.SBS2","A>C","G[A>C]C",1.5e-05
"RNA.SBS2","A>C","G[A>C]G",7.03e-06
"RNA.SBS2","A>C","G[A>C]T",0
"RNA.SBS2","A>G","G[A>G]A",0.001952251
"RNA.SBS2","A>G","G[A>G]C",0.001127641
"RNA.SBS2","A>G","G[A>G]G",0.001386293
"RNA.SBS2","A>G","G[A>G]T",6.68e-05
"RNA.SBS2","A>T","G[A>T]A",0.00050067
"RNA.SBS2","A>T","G[A>T]C",9.58e-05
"RNA.SBS2","A>T","G[A>T]G",0.000158307
"RNA.SBS2","A>T","G[A>T]T",7.12e-05
"RNA.SBS2","C>A","G[C>A]A",0.000223704
"RNA.SBS2","C>A","G[C>A]C",0.001181086
"RNA.SBS2","C>A","G[C>A]G",3.04e-06
"RNA.SBS2","C>A","G[C>A]T",1.5e-05
"RNA.SBS2","C>G","G[C>G]A",0.000186271
"RNA.SBS2","C>G","G[C>G]C",0.000139638
"RNA.SBS2","C>G","G[C>G]G",6.3e-05
"RNA.SBS2","C>G","G[C>G]T",1.31e-05
"RNA.SBS2","C>T","G[C>T]A",0.000248944
"RNA.SBS2","C>T","G[C>T]C",0.005193176
"RNA.SBS2","C>T","G[C>T]G",0.004164819
"RNA.SBS2","C>T","G[C>T]T",0.010753901
"RNA.SBS2","G>A","G[G>A]A",0.004560194
"RNA.SBS2","G>A","G[G>A]C",0.00419589
"RNA.SBS2","G>A","G[G>A]G",0.004610407
"RNA.SBS2","G>A","G[G>A]T",0.001518742
"RNA.SBS2","G>C","G[G>C]A",0.000525126
"RNA.SBS2","G>C","G[G>C]C",0.000271978
"RNA.SBS2","G>C","G[G>C]G",0.000666272
"RNA.SBS2","G>C","G[G>C]T",0.000726461
"RNA.SBS2","G>T","G[G>T]A",0.001956359
"RNA.SBS2","G>T","G[G>T]C",0.002610431
"RNA.SBS2","G>T","G[G>T]G",0.000448289
"RNA.SBS2","G>T","G[G>T]T",0.000487338
"RNA.SBS2","T>A","G[T>A]A",2.14e-05
"RNA.SBS2","T>A","G[T>A]C",0
"RNA.SBS2","T>A","G[T>A]G",0.000253011
"RNA.SBS2","T>A","G[T>A]T",2.99e-05
"RNA.SBS2","T>C","G[T>C]A",0.004404187
"RNA.SBS2","T>C","G[T>C]C",0.005112013
"RNA.SBS2","T>C","G[T>C]G",0.003556632
"RNA.SBS2","T>C","G[T>C]T",0.00154723
"RNA.SBS2","T>G","G[T>G]A",2.4e-05
"RNA.SBS2","T>G","G[T>G]C",0.000807968
"RNA.SBS2","T>G","G[T>G]G",2.21e-05
"RNA.SBS2","T>G","G[T>G]T",2.76e-05
"RNA.SBS2","A>C","T[A>C]A",3.59e-05
"RNA.SBS2","A>C","T[A>C]C",0
"RNA.SBS2","A>C","T[A>C]G",0.000491729
"RNA.SBS2","A>C","T[A>C]T",7.58e-05
"RNA.SBS2","A>G","T[A>G]A",0.002627361
"RNA.SBS2","A>G","T[A>G]C",0.008978333
"RNA.SBS2","A>G","T[A>G]G",0.008164532
"RNA.SBS2","A>G","T[A>G]T",0.007909384
"RNA.SBS2","A>T","T[A>T]A",0
"RNA.SBS2","A>T","T[A>T]C",3.98e-05
"RNA.SBS2","A>T","T[A>T]G",2.63e-05
"RNA.SBS2","A>T","T[A>T]T",0.000431121
"RNA.SBS2","C>A","T[C>A]A",4.93e-05
"RNA.SBS2","C>A","T[C>A]C",0.000124866
"RNA.SBS2","C>A","T[C>A]G",6.44e-05
"RNA.SBS2","C>A","T[C>A]T",0.000141803
"RNA.SBS2","C>G","T[C>G]A",0.002439391
"RNA.SBS2","C>G","T[C>G]C",0.00088707
"RNA.SBS2","C>G","T[C>G]G",0.00126159
"RNA.SBS2","C>G","T[C>G]T",0.001066732
"RNA.SBS2","C>T","T[C>T]A",0.156741393
"RNA.SBS2","C>T","T[C>T]C",0.022272507
"RNA.SBS2","C>T","T[C>T]G",0.454563596
"RNA.SBS2","C>T","T[C>T]T",0.02844217
"RNA.SBS2","G>A","T[G>A]A",0.003343217
"RNA.SBS2","G>A","T[G>A]C",0.008253539
"RNA.SBS2","G>A","T[G>A]G",0.001023245
"RNA.SBS2","G>A","T[G>A]T",0.001081579
"RNA.SBS2","G>C","T[G>C]A",0.000583622
"RNA.SBS2","G>C","T[G>C]C",0.000130731
"RNA.SBS2","G>C","T[G>C]G",0.0021182
"RNA.SBS2","G>C","T[G>C]T",0.000141645
"RNA.SBS2","G>T","T[G>T]A",0.001497556
"RNA.SBS2","G>T","T[G>T]C",0.000572055
"RNA.SBS2","G>T","T[G>T]G",0.000555592
"RNA.SBS2","G>T","T[G>T]T",0.000542021
"RNA.SBS2","T>A","T[T>A]A",0.000138966
"RNA.SBS2","T>A","T[T>A]C",6.58e-05
"RNA.SBS2","T>A","T[T>A]G",5.68e-05
"RNA.SBS2","T>A","T[T>A]T",7.07e-05
"RNA.SBS2","T>C","T[T>C]A",0.001470296
"RNA.SBS2","T>C","T[T>C]C",0.003415676
"RNA.SBS2","T>C","T[T>C]G",0.001005976
"RNA.SBS2","T>C","T[T>C]T",4.66e-05
"RNA.SBS2","T>G","T[T>G]A",0.00024882
"RNA.SBS2","T>G","T[T>G]C",0.000102869
"RNA.SBS2","T>G","T[T>G]G",3.55e-06
"RNA.SBS2","T>G","T[T>G]T",0
"RNA.SBS3","A>C","A[A>C]A",0.000104453
"RNA.SBS3","A>C","A[A>C]C",0.000126781
"RNA.SBS3","A>C","A[A>C]G",0.000101784
"RNA.SBS3","A>C","A[A>C]T",9.85e-05
"RNA.SBS3","A>G","A[A>G]A",0.002278284
"RNA.SBS3","A>G","A[A>G]C",0.007528176
"RNA.SBS3","A>G","A[A>G]G",0.044365907
"RNA.SBS3","A>G","A[A>G]T",0.030222184
"RNA.SBS3","A>T","A[A>T]A",0.000313113
"RNA.SBS3","A>T","A[A>T]C",0
"RNA.SBS3","A>T","A[A>T]G",0.000123001
"RNA.SBS3","A>T","A[A>T]T",2.87e-05
"RNA.SBS3","C>A","A[C>A]A",0.00016431
"RNA.SBS3","C>A","A[C>A]C",0.000603583
"RNA.SBS3","C>A","A[C>A]G",0.000421331
"RNA.SBS3","C>A","A[C>A]T",0.000105004
"RNA.SBS3","C>G","A[C>G]A",0.000171162
"RNA.SBS3","C>G","A[C>G]C",0.000231858
"RNA.SBS3","C>G","A[C>G]G",0.000152459
"RNA.SBS3","C>G","A[C>G]T",0.001795521
"RNA.SBS3","C>T","A[C>T]A",0.000591687
"RNA.SBS3","C>T","A[C>T]C",0.000915874
"RNA.SBS3","C>T","A[C>T]G",0.00151464
"RNA.SBS3","C>T","A[C>T]T",0.008595561
"RNA.SBS3","G>A","A[G>A]A",0.00135848
"RNA.SBS3","G>A","A[G>A]C",0.000805134
"RNA.SBS3","G>A","A[G>A]G",0.002223804
"RNA.SBS3","G>A","A[G>A]T",0.001757531
"RNA.SBS3","G>C","A[G>C]A",0.003520395
"RNA.SBS3","G>C","A[G>C]C",0.000234339
"RNA.SBS3","G>C","A[G>C]G",0.00401604
"RNA.SBS3","G>C","A[G>C]T",0.000288661
"RNA.SBS3","G>T","A[G>T]A",0.002653424
"RNA.SBS3","G>T","A[G>T]C",0.001545661
"RNA.SBS3","G>T","A[G>T]G",0.000168467
"RNA.SBS3","G>T","A[G>T]T",0.000623328
"RNA.SBS3","T>A","A[T>A]A",0.000242974
"RNA.SBS3","T>A","A[T>A]C",0
"RNA.SBS3","T>A","A[T>A]G",5.45e-05
"RNA.SBS3","T>A","A[T>A]T",0.000163466
"RNA.SBS3","T>C","A[T>C]A",0.000335248
"RNA.SBS3","T>C","A[T>C]C",0.029144874
"RNA.SBS3","T>C","A[T>C]G",0.012587775
"RNA.SBS3","T>C","A[T>C]T",0.000315955
"RNA.SBS3","T>G","A[T>G]A",0.000128246
"RNA.SBS3","T>G","A[T>G]C",6.78e-06
"RNA.SBS3","T>G","A[T>G]G",0.004474658
"RNA.SBS3","T>G","A[T>G]T",0.008341329
"RNA.SBS3","A>C","C[A>C]A",0.000190041
"RNA.SBS3","A>C","C[A>C]C",0.000592851
"RNA.SBS3","A>C","C[A>C]G",0.000903229
"RNA.SBS3","A>C","C[A>C]T",0
"RNA.SBS3","A>G","C[A>G]A",0.003683561
"RNA.SBS3","A>G","C[A>G]C",0.000639903
"RNA.SBS3","A>G","C[A>G]G",0.109338631
"RNA.SBS3","A>G","C[A>G]T",0.000978789
"RNA.SBS3","A>T","C[A>T]A",0.000114663
"RNA.SBS3","A>T","C[A>T]C",8.14e-05
"RNA.SBS3","A>T","C[A>T]G",0.000384594
"RNA.SBS3","A>T","C[A>T]T",0.000180743
"RNA.SBS3","C>A","C[C>A]A",8.59e-05
"RNA.SBS3","C>A","C[C>A]C",0.001034679
"RNA.SBS3","C>A","C[C>A]G",0.000256755
"RNA.SBS3","C>A","C[C>A]T",0.001112422
"RNA.SBS3","C>G","C[C>G]A",0.000110442
"RNA.SBS3","C>G","C[C>G]C",2.96e-06
"RNA.SBS3","C>G","C[C>G]G",1.28e-05
"RNA.SBS3","C>G","C[C>G]T",0.000761044
"RNA.SBS3","C>T","C[C>T]A",0.00189597
"RNA.SBS3","C>T","C[C>T]C",0.00599526
"RNA.SBS3","C>T","C[C>T]G",0.013537632
"RNA.SBS3","C>T","C[C>T]T",0.009097968
"RNA.SBS3","G>A","C[G>A]A",0.000730179
"RNA.SBS3","G>A","C[G>A]C",0.009489025
"RNA.SBS3","G>A","C[G>A]G",0.005911797
"RNA.SBS3","G>A","C[G>A]T",0.00151481
"RNA.SBS3","G>C","C[G>C]A",0.000733376
"RNA.SBS3","G>C","C[G>C]C",0.000167474
"RNA.SBS3","G>C","C[G>C]G",0
"RNA.SBS3","G>C","C[G>C]T",4.08e-05
"RNA.SBS3","G>T","C[G>T]A",0.001438815
"RNA.SBS3","G>T","C[G>T]C",0.000524543
"RNA.SBS3","G>T","C[G>T]G",7.73e-05
"RNA.SBS3","G>T","C[G>T]T",0.000705589
"RNA.SBS3","T>A","C[T>A]A",0.000238634
"RNA.SBS3","T>A","C[T>A]C",0.000302205
"RNA.SBS3","T>A","C[T>A]G",0.000355013
"RNA.SBS3","T>A","C[T>A]T",6.55e-05
"RNA.SBS3","T>C","C[T>C]A",0.007432585
"RNA.SBS3","T>C","C[T>C]C",0.166901844
"RNA.SBS3","T>C","C[T>C]G",0.001244128
"RNA.SBS3","T>C","C[T>C]T",0.000654749
"RNA.SBS3","T>G","C[T>G]A",1.79e-05
"RNA.SBS3","T>G","C[T>G]C",1.22e-05
"RNA.SBS3","T>G","C[T>G]G",0.001313716
"RNA.SBS3","T>G","C[T>G]T",0.000143116
"RNA.SBS3","A>C","G[A>C]A",3.14e-05
"RNA.SBS3","A>C","G[A>C]C",0.000114981
"RNA.SBS3","A>C","G[A>C]G",0.000117693
"RNA.SBS3","A>C","G[A>C]T",0
"RNA.SBS3","A>G","G[A>G]A",0.001287393
"RNA.SBS3","A>G","G[A>G]C",0.000165371
"RNA.SBS3","A>G","G[A>G]G",0.001997087
"RNA.SBS3","A>G","G[A>G]T",3.83e-05
"RNA.SBS3","A>T","G[A>T]A",0.000131266
"RNA.SBS3","A>T","G[A>T]C",0.000164848
"RNA.SBS3","A>T","G[A>T]G",0.000235141
"RNA.SBS3","A>T","G[A>T]T",0.000544698
"RNA.SBS3","C>A","G[C>A]A",0.000144486
"RNA.SBS3","C>A","G[C>A]C",0.000736535
"RNA.SBS3","C>A","G[C>A]G",2.14e-05
"RNA.SBS3","C>A","G[C>A]T",0.000267842
"RNA.SBS3","C>G","G[C>G]A",8.64e-05
"RNA.SBS3","C>G","G[C>G]C",0.000192835
"RNA.SBS3","C>G","G[C>G]G",0.000203192
"RNA.SBS3","C>G","G[C>G]T",5.52e-05
"RNA.SBS3","C>T","G[C>T]A",0.000517753
"RNA.SBS3","C>T","G[C>T]C",0.007193612
"RNA.SBS3","C>T","G[C>T]G",0.002153831
"RNA.SBS3","C>T","G[C>T]T",0.019350401
"RNA.SBS3","G>A","G[G>A]A",0.012809929
"RNA.SBS3","G>A","G[G>A]C",0.032044464
"RNA.SBS3","G>A","G[G>A]G",0.024304324
"RNA.SBS3","G>A","G[G>A]T",0.000533474
"RNA.SBS3","G>C","G[G>C]A",0.000592846
"RNA.SBS3","G>C","G[G>C]C",0.001132293
"RNA.SBS3","G>C","G[G>C]G",0.000754142
"RNA.SBS3","G>C","G[G>C]T",0.000189731
"RNA.SBS3","G>T","G[G>T]A",0.002695809
"RNA.SBS3","G>T","G[G>T]C",0.000396968
"RNA.SBS3","G>T","G[G>T]G",0.000341247
"RNA.SBS3","G>T","G[G>T]T",0.001111234
"RNA.SBS3","T>A","G[T>A]A",0.000142737
"RNA.SBS3","T>A","G[T>A]C",0
"RNA.SBS3","T>A","G[T>A]G",0.00015443
"RNA.SBS3","T>A","G[T>A]T",0.000100799
"RNA.SBS3","T>C","G[T>C]A",0.001492834
"RNA.SBS3","T>C","G[T>C]C",0.11845918
"RNA.SBS3","T>C","G[T>C]G",0.001396012
"RNA.SBS3","T>C","G[T>C]T",0.000346257
"RNA.SBS3","T>G","G[T>G]A",0.000107628
"RNA.SBS3","T>G","G[T>G]C",0.01329146
"RNA.SBS3","T>G","G[T>G]G",0.00046754
"RNA.SBS3","T>G","G[T>G]T",0.00011502
"RNA.SBS3","A>C","T[A>C]A",0.000113151
"RNA.SBS3","A>C","T[A>C]C",0
"RNA.SBS3","A>C","T[A>C]G",1.57e-05
"RNA.SBS3","A>C","T[A>C]T",0.000463271
"RNA.SBS3","A>G","T[A>G]A",0.001929608
"RNA.SBS3","A>G","T[A>G]C",0.018668516
"RNA.SBS3","A>G","T[A>G]G",0.05023747
"RNA.SBS3","A>G","T[A>G]T",0.046352976
"RNA.SBS3","A>T","T[A>T]A",0
"RNA.SBS3","A>T","T[A>T]C",6.21e-05
"RNA.SBS3","A>T","T[A>T]G",0.000112815
"RNA.SBS3","A>T","T[A>T]T",0.00018292
"RNA.SBS3","C>A","T[C>A]A",5.73e-05
"RNA.SBS3","C>A","T[C>A]C",0.000240663
"RNA.SBS3","C>A","T[C>A]G",0.000130759
"RNA.SBS3","C>A","T[C>A]T",9.78e-05
"RNA.SBS3","C>G","T[C>G]A",0.001492376
"RNA.SBS3","C>G","T[C>G]C",0.000908084
"RNA.SBS3","C>G","T[C>G]G",0.000223281
"RNA.SBS3","C>G","T[C>G]T",0.002109545
"RNA.SBS3","C>T","T[C>T]A",0.006281905
"RNA.SBS3","C>T","T[C>T]C",0.006168146
"RNA.SBS3","C>T","T[C>T]G",0.006341893
"RNA.SBS3","C>T","T[C>T]T",0.006605288
"RNA.SBS3","G>A","T[G>A]A",0.002062876
"RNA.SBS3","G>A","T[G>A]C",0.028324372
"RNA.SBS3","G>A","T[G>A]G",0.0083496
"RNA.SBS3","G>A","T[G>A]T",0.001929274
"RNA.SBS3","G>C","T[G>C]A",0.002031503
"RNA.SBS3","G>C","T[G>C]C",0.000183462
"RNA.SBS3","G>C","T[G>C]G",0.001660823
"RNA.SBS3","G>C","T[G>C]T",0.00016051
"RNA.SBS3","G>T","T[G>T]A",0.00201431
"RNA.SBS3","G>T","T[G>T]C",0.001789283
"RNA.SBS3","G>T","T[G>T]G",0.000626471
"RNA.SBS3","G>T","T[G>T]T",0.000229658
"RNA.SBS3","T>A","T[T>A]A",0.000116689
"RNA.SBS3","T>A","T[T>A]C",0.000129091
"RNA.SBS3","T>A","T[T>A]G",4.09e-05
"RNA.SBS3","T>A","T[T>A]T",0.000211874
"RNA.SBS3","T>C","T[T>C]A",0.000345825
"RNA.SBS3","T>C","T[T>C]C",0.013148824
"RNA.SBS3","T>C","T[T>C]G",0.011938407
"RNA.SBS3","T>C","T[T>C]T",0.000337351
"RNA.SBS3","T>G","T[T>G]A",7.47e-05
"RNA.SBS3","T>G","T[T>G]C",0.000138335
"RNA.SBS3","T>G","T[T>G]G",7.6e-05
"RNA.SBS3","T>G","T[T>G]T",0
"RNA.SBS4","A>C","A[A>C]A",3.73e-05
"RNA.SBS4","A>C","A[A>C]C",9.63e-05
"RNA.SBS4","A>C","A[A>C]G",1.11e-05
"RNA.SBS4","A>C","A[A>C]T",9.5e-05
"RNA.SBS4","A>G","A[A>G]A",0.004228159
"RNA.SBS4","A>G","A[A>G]C",0.004982356
"RNA.SBS4","A>G","A[A>G]G",0.027787904
"RNA.SBS4","A>G","A[A>G]T",0.013941911
"RNA.SBS4","A>T","A[A>T]A",0.000403065
"RNA.SBS4","A>T","A[A>T]C",0
"RNA.SBS4","A>T","A[A>T]G",0.000166038
"RNA.SBS4","A>T","A[A>T]T",0.000304792
"RNA.SBS4","C>A","A[C>A]A",0.000708538
"RNA.SBS4","C>A","A[C>A]C",0.000146171
"RNA.SBS4","C>A","A[C>A]G",0.002992639
"RNA.SBS4","C>A","A[C>A]T",0.000183899
"RNA.SBS4","C>G","A[C>G]A",0.000344617
"RNA.SBS4","C>G","A[C>G]C",0.00016
"RNA.SBS4","C>G","A[C>G]G",0.000189583
"RNA.SBS4","C>G","A[C>G]T",0.004369812
"RNA.SBS4","C>T","A[C>T]A",0.006349582
"RNA.SBS4","C>T","A[C>T]C",0.001060707
"RNA.SBS4","C>T","A[C>T]G",0.020023407
"RNA.SBS4","C>T","A[C>T]T",0.006210768
"RNA.SBS4","G>A","A[G>A]A",0.006027823
"RNA.SBS4","G>A","A[G>A]C",0.030021359
"RNA.SBS4","G>A","A[G>A]G",0.010549629
"RNA.SBS4","G>A","A[G>A]T",0.000549296
"RNA.SBS4","G>C","A[G>C]A",0.001087747
"RNA.SBS4","G>C","A[G>C]C",0.000561065
"RNA.SBS4","G>C","A[G>C]G",0.000468663
"RNA.SBS4","G>C","A[G>C]T",0.001320991
"RNA.SBS4","G>T","A[G>T]A",0.001090008
"RNA.SBS4","G>T","A[G>T]C",0.000993084
"RNA.SBS4","G>T","A[G>T]G",0.000220992
"RNA.SBS4","G>T","A[G>T]T",0.000538754
"RNA.SBS4","T>A","A[T>A]A",0.000150166
"RNA.SBS4","T>A","A[T>A]C",0
"RNA.SBS4","T>A","A[T>A]G",0.000283125
"RNA.SBS4","T>A","A[T>A]T",9.95e-05
"RNA.SBS4","T>C","A[T>C]A",0.007126633
"RNA.SBS4","T>C","A[T>C]C",0.001589718
"RNA.SBS4","T>C","A[T>C]G",0.021034791
"RNA.SBS4","T>C","A[T>C]T",0.005461917
"RNA.SBS4","T>G","A[T>G]A",0.000368611
"RNA.SBS4","T>G","A[T>G]C",0.000107542
"RNA.SBS4","T>G","A[T>G]G",0.014188697
"RNA.SBS4","T>G","A[T>G]T",0.011054562
"RNA.SBS4","A>C","C[A>C]A",0.000604962
"RNA.SBS4","A>C","C[A>C]C",0.000137162
"RNA.SBS4","A>C","C[A>C]G",0.002968029
"RNA.SBS4","A>C","C[A>C]T",0
"RNA.SBS4","A>G","C[A>G]A",0.008453454
"RNA.SBS4","A>G","C[A>G]C",0.004626155
"RNA.SBS4","A>G","C[A>G]G",0.004350134
"RNA.SBS4","A>G","C[A>G]T",0.002326395
"RNA.SBS4","A>T","C[A>T]A",8.82e-05
"RNA.SBS4","A>T","C[A>T]C",0.001015742
"RNA.SBS4","A>T","C[A>T]G",0.000478036
"RNA.SBS4","A>T","C[A>T]T",0.000227668
"RNA.SBS4","C>A","C[C>A]A",0.000669255
"RNA.SBS4","C>A","C[C>A]C",0.001209495
"RNA.SBS4","C>A","C[C>A]G",0.000104861
"RNA.SBS4","C>A","C[C>A]T",0.003547424
"RNA.SBS4","C>G","C[C>G]A",0.000177082
"RNA.SBS4","C>G","C[C>G]C",4.45e-05
"RNA.SBS4","C>G","C[C>G]G",1.08e-05
"RNA.SBS4","C>G","C[C>G]T",0.000261606
"RNA.SBS4","C>T","C[C>T]A",0.006665567
"RNA.SBS4","C>T","C[C>T]C",0.013368988
"RNA.SBS4","C>T","C[C>T]G",0.010863377
"RNA.SBS4","C>T","C[C>T]T",0.004015721
"RNA.SBS4","G>A","C[G>A]A",0.006274138
"RNA.SBS4","G>A","C[G>A]C",0.060222341
"RNA.SBS4","G>A","C[G>A]G",0.020125249
"RNA.SBS4","G>A","C[G>A]T",0.004700416
"RNA.SBS4","G>C","C[G>C]A",0.000553568
"RNA.SBS4","G>C","C[G>C]C",1.81e-05
"RNA.SBS4","G>C","C[G>C]G",0
"RNA.SBS4","G>C","C[G>C]T",0.000103769
"RNA.SBS4","G>T","C[G>T]A",0.000202572
"RNA.SBS4","G>T","C[G>T]C",0.000182974
"RNA.SBS4","G>T","C[G>T]G",0.000154494
"RNA.SBS4","G>T","C[G>T]T",0.00030539
"RNA.SBS4","T>A","C[T>A]A",0.000178426
"RNA.SBS4","T>A","C[T>A]C",0.00352901
"RNA.SBS4","T>A","C[T>A]G",0.001043241
"RNA.SBS4","T>A","C[T>A]T",7.2e-05
"RNA.SBS4","T>C","C[T>C]A",0.031958787
"RNA.SBS4","T>C","C[T>C]C",0.001608182
"RNA.SBS4","T>C","C[T>C]G",0.013617495
"RNA.SBS4","T>C","C[T>C]T",0.014211653
"RNA.SBS4","T>G","C[T>G]A",0.000513345
"RNA.SBS4","T>G","C[T>G]C",0.000183647
"RNA.SBS4","T>G","C[T>G]G",0.00203527
"RNA.SBS4","T>G","C[T>G]T",0.000424305
"RNA.SBS4","A>C","G[A>C]A",0.000267814
"RNA.SBS4","A>C","G[A>C]C",8.12e-05
"RNA.SBS4","A>C","G[A>C]G",0.000106348
"RNA.SBS4","A>C","G[A>C]T",0
"RNA.SBS4","A>G","G[A>G]A",0.007465351
"RNA.SBS4","A>G","G[A>G]C",0.004742643
"RNA.SBS4","A>G","G[A>G]G",0.002678322
"RNA.SBS4","A>G","G[A>G]T",0.000997113
"RNA.SBS4","A>T","G[A>T]A",0.000214386
"RNA.SBS4","A>T","G[A>T]C",0.000210641
"RNA.SBS4","A>T","G[A>T]G",0.000464665
"RNA.SBS4","A>T","G[A>T]T",0.000526892
"RNA.SBS4","C>A","G[C>A]A",0.000300626
"RNA.SBS4","C>A","G[C>A]C",0.000617154
"RNA.SBS4","C>A","G[C>A]G",0.000143741
"RNA.SBS4","C>A","G[C>A]T",0.000197374
"RNA.SBS4","C>G","G[C>G]A",0.000250806
"RNA.SBS4","C>G","G[C>G]C",0.003695866
"RNA.SBS4","C>G","G[C>G]G",0.000177263
"RNA.SBS4","C>G","G[C>G]T",3.7e-05
"RNA.SBS4","C>T","G[C>T]A",0.008266511
"RNA.SBS4","C>T","G[C>T]C",0.002931767
"RNA.SBS4","C>T","G[C>T]G",0.005582074
"RNA.SBS4","C>T","G[C>T]T",0.007075996
"RNA.SBS4","G>A","G[G>A]A",0.025678202
"RNA.SBS4","G>A","G[G>A]C",0.15623687
"RNA.SBS4","G>A","G[G>A]G",0.042380449
"RNA.SBS4","G>A","G[G>A]T",0.007509337
"RNA.SBS4","G>C","G[G>C]A",0.000258682
"RNA.SBS4","G>C","G[G>C]C",0.000910118
"RNA.SBS4","G>C","G[G>C]G",6.64e-05
"RNA.SBS4","G>C","G[G>C]T",0.000550599
"RNA.SBS4","G>T","G[G>T]A",0.000588462
"RNA.SBS4","G>T","G[G>T]C",0.001787799
"RNA.SBS4","G>T","G[G>T]G",0.000230026
"RNA.SBS4","G>T","G[G>T]T",0.005434713
"RNA.SBS4","T>A","G[T>A]A",0.000249102
"RNA.SBS4","T>A","G[T>A]C",0
"RNA.SBS4","T>A","G[T>A]G",0.000857465
"RNA.SBS4","T>A","G[T>A]T",1.59e-05
"RNA.SBS4","T>C","G[T>C]A",0.024388074
"RNA.SBS4","T>C","G[T>C]C",0.001341045
"RNA.SBS4","T>C","G[T>C]G",0.005510532
"RNA.SBS4","T>C","G[T>C]T",0.007883105
"RNA.SBS4","T>G","G[T>G]A",0.000788785
"RNA.SBS4","T>G","G[T>G]C",0.006068571
"RNA.SBS4","T>G","G[T>G]G",0.000384117
"RNA.SBS4","T>G","G[T>G]T",0.000218191
"RNA.SBS4","A>C","T[A>C]A",0.000567828
"RNA.SBS4","A>C","T[A>C]C",0
"RNA.SBS4","A>C","T[A>C]G",2.83e-06
"RNA.SBS4","A>C","T[A>C]T",0.00026053
"RNA.SBS4","A>G","T[A>G]A",0.009773484
"RNA.SBS4","A>G","T[A>G]C",0.011845272
"RNA.SBS4","A>G","T[A>G]G",0.004203506
"RNA.SBS4","A>G","T[A>G]T",0.033356989
"RNA.SBS4","A>T","T[A>T]A",0
"RNA.SBS4","A>T","T[A>T]C",1.57e-05
"RNA.SBS4","A>T","T[A>T]G",0.000237733
"RNA.SBS4","A>T","T[A>T]T",0.000571801
"RNA.SBS4","C>A","T[C>A]A",0.000122033
"RNA.SBS4","C>A","T[C>A]C",0.000373705
"RNA.SBS4","C>A","T[C>A]G",9.13e-06
"RNA.SBS4","C>A","T[C>A]T",0.000438507
"RNA.SBS4","C>G","T[C>G]A",0.000863647
"RNA.SBS4","C>G","T[C>G]C",0.000853459
"RNA.SBS4","C>G","T[C>G]G",3.83e-05
"RNA.SBS4","C>G","T[C>G]T",0.001188212
"RNA.SBS4","C>T","T[C>T]A",0.00307376
"RNA.SBS4","C>T","T[C>T]C",0.001043228
"RNA.SBS4","C>T","T[C>T]G",0.003316044
"RNA.SBS4","C>T","T[C>T]T",0.004691776
"RNA.SBS4","G>A","T[G>A]A",0.006912131
"RNA.SBS4","G>A","T[G>A]C",0.08105224
"RNA.SBS4","G>A","T[G>A]G",0.026015314
"RNA.SBS4","G>A","T[G>A]T",0.001702919
"RNA.SBS4","G>C","T[G>C]A",0.000749731
"RNA.SBS4","G>C","T[G>C]C",0.002423554
"RNA.SBS4","G>C","T[G>C]G",0.00043486
"RNA.SBS4","G>C","T[G>C]T",8.37e-05
"RNA.SBS4","G>T","T[G>T]A",0.00027712
"RNA.SBS4","G>T","T[G>T]C",0.001450028
"RNA.SBS4","G>T","T[G>T]G",0.000514411
"RNA.SBS4","G>T","T[G>T]T",0.000301772
"RNA.SBS4","T>A","T[T>A]A",2.51e-05
"RNA.SBS4","T>A","T[T>A]C",6.33e-06
"RNA.SBS4","T>A","T[T>A]G",0.000961178
"RNA.SBS4","T>A","T[T>A]T",0.001004065
"RNA.SBS4","T>C","T[T>C]A",0.006828137
"RNA.SBS4","T>C","T[T>C]C",0.002883195
"RNA.SBS4","T>C","T[T>C]G",0.01068374
"RNA.SBS4","T>C","T[T>C]T",0.00189514
"RNA.SBS4","T>G","T[T>G]A",0.000724919
"RNA.SBS4","T>G","T[T>G]C",0.001719365
"RNA.SBS4","T>G","T[T>G]G",1.41e-05
"RNA.SBS4","T>G","T[T>G]T",0
"RNA.SBS5","A>C","A[A>C]A",7.89e-05
"RNA.SBS5","A>C","A[A>C]C",2.59e-05
"RNA.SBS5","A>C","A[A>C]G",2.51e-05
"RNA.SBS5","A>C","A[A>C]T",2.59e-05
"RNA.SBS5","A>G","A[A>G]A",0.002160039
"RNA.SBS5","A>G","A[A>G]C",0.003907447
"RNA.SBS5","A>G","A[A>G]G",0.003516403
"RNA.SBS5","A>G","A[A>G]T",0.004714295
"RNA.SBS5","A>T","A[A>T]A",0.001853385
"RNA.SBS5","A>T","A[A>T]C",0
"RNA.SBS5","A>T","A[A>T]G",0.001380928
"RNA.SBS5","A>T","A[A>T]T",0.000143533
"RNA.SBS5","C>A","A[C>A]A",6.27e-05
"RNA.SBS5","C>A","A[C>A]C",0.00015814
"RNA.SBS5","C>A","A[C>A]G",0.001159979
"RNA.SBS5","C>A","A[C>A]T",1.66e-05
"RNA.SBS5","C>G","A[C>G]A",0.000970792
"RNA.SBS5","C>G","A[C>G]C",2.77e-05
"RNA.SBS5","C>G","A[C>G]G",0.000148337
"RNA.SBS5","C>G","A[C>G]T",0.001524729
"RNA.SBS5","C>T","A[C>T]A",0.001756504
"RNA.SBS5","C>T","A[C>T]C",0.00152265
"RNA.SBS5","C>T","A[C>T]G",0.000776926
"RNA.SBS5","C>T","A[C>T]T",0.003076971
"RNA.SBS5","G>A","A[G>A]A",0.00153246
"RNA.SBS5","G>A","A[G>A]C",0.00141005
"RNA.SBS5","G>A","A[G>A]G",0.000266609
"RNA.SBS5","G>A","A[G>A]T",0.000691759
"RNA.SBS5","G>C","A[G>C]A",0.00017289
"RNA.SBS5","G>C","A[G>C]C",0.000614832
"RNA.SBS5","G>C","A[G>C]G",0.005052531
"RNA.SBS5","G>C","A[G>C]T",0.00045734
"RNA.SBS5","G>T","A[G>T]A",0.157692715
"RNA.SBS5","G>T","A[G>T]C",0.124848978
"RNA.SBS5","G>T","A[G>T]G",0.009954801
"RNA.SBS5","G>T","A[G>T]T",0.054561997
"RNA.SBS5","T>A","A[T>A]A",0.000531813
"RNA.SBS5","T>A","A[T>A]C",0
"RNA.SBS5","T>A","A[T>A]G",0.000138842
"RNA.SBS5","T>A","A[T>A]T",4.24e-05
"RNA.SBS5","T>C","A[T>C]A",0.001417057
"RNA.SBS5","T>C","A[T>C]C",0.002189608
"RNA.SBS5","T>C","A[T>C]G",0.003111779
"RNA.SBS5","T>C","A[T>C]T",0.001136433
"RNA.SBS5","T>G","A[T>G]A",4.42e-05
"RNA.SBS5","T>G","A[T>G]C",0.000189978
"RNA.SBS5","T>G","A[T>G]G",0.002146296
"RNA.SBS5","T>G","A[T>G]T",0.004278513
"RNA.SBS5","A>C","C[A>C]A",0.000513119
"RNA.SBS5","A>C","C[A>C]C",0.000192449
"RNA.SBS5","A>C","C[A>C]G",0.000534629
"RNA.SBS5","A>C","C[A>C]T",0
"RNA.SBS5","A>G","C[A>G]A",0.000836547
"RNA.SBS5","A>G","C[A>G]C",0.001139662
"RNA.SBS5","A>G","C[A>G]G",0.012149129
"RNA.SBS5","A>G","C[A>G]T",0.001217894
"RNA.SBS5","A>T","C[A>T]A",1.21e-05
"RNA.SBS5","A>T","C[A>T]C",0.000203318
"RNA.SBS5","A>T","C[A>T]G",7.52e-05
"RNA.SBS5","A>T","C[A>T]T",3.61e-05
"RNA.SBS5","C>A","C[C>A]A",0.00039743
"RNA.SBS5","C>A","C[C>A]C",0.001805053
"RNA.SBS5","C>A","C[C>A]G",0.000676098
"RNA.SBS5","C>A","C[C>A]T",0.002584957
"RNA.SBS5","C>G","C[C>G]A",3.52e-05
"RNA.SBS5","C>G","C[C>G]C",0.000793026
"RNA.SBS5","C>G","C[C>G]G",5.44e-06
"RNA.SBS5","C>G","C[C>G]T",0.000469205
"RNA.SBS5","C>T","C[C>T]A",0.00015186
"RNA.SBS5","C>T","C[C>T]C",0.001129106
"RNA.SBS5","C>T","C[C>T]G",0.001570593
"RNA.SBS5","C>T","C[C>T]T",0.002705576
"RNA.SBS5","G>A","C[G>A]A",0.001796833
"RNA.SBS5","G>A","C[G>A]C",0.002178721
"RNA.SBS5","G>A","C[G>A]G",0.004459314
"RNA.SBS5","G>A","C[G>A]T",0.004517689
"RNA.SBS5","G>C","C[G>C]A",0.000189199
"RNA.SBS5","G>C","C[G>C]C",0.00079469
"RNA.SBS5","G>C","C[G>C]G",0
"RNA.SBS5","G>C","C[G>C]T",0.000282861
"RNA.SBS5","G>T","C[G>T]A",0.01259361
"RNA.SBS5","G>T","C[G>T]C",0.013374099
"RNA.SBS5","G>T","C[G>T]G",0.0026532
"RNA.SBS5","G>T","C[G>T]T",0.023458579
"RNA.SBS5","T>A","C[T>A]A",0.000742759
"RNA.SBS5","T>A","C[T>A]C",8.6e-05
"RNA.SBS5","T>A","C[T>A]G",9.61e-05
"RNA.SBS5","T>A","C[T>A]T",0.001210745
"RNA.SBS5","T>C","C[T>C]A",0.010684695
"RNA.SBS5","T>C","C[T>C]C",0.015982026
"RNA.SBS5","T>C","C[T>C]G",0.00099194
"RNA.SBS5","T>C","C[T>C]T",0.000941367
"RNA.SBS5","T>G","C[T>G]A",0.000120179
"RNA.SBS5","T>G","C[T>G]C",4.05e-06
"RNA.SBS5","T>G","C[T>G]G",0.000405663
"RNA.SBS5","T>G","C[T>G]T",0.000144796
"RNA.SBS5","A>C","G[A>C]A",2.73e-05
"RNA.SBS5","A>C","G[A>C]C",0.000226254
"RNA.SBS5","A>C","G[A>C]G",0.000259035
"RNA.SBS5","A>C","G[A>C]T",0
"RNA.SBS5","A>G","G[A>G]A",0.006251202
"RNA.SBS5","A>G","G[A>G]C",0.000186837
"RNA.SBS5","A>G","G[A>G]G",0.00105556
"RNA.SBS5","A>G","G[A>G]T",0.000884294
"RNA.SBS5","A>T","G[A>T]A",0.000439456
"RNA.SBS5","A>T","G[A>T]C",6.99e-05
"RNA.SBS5","A>T","G[A>T]G",0.001403368
"RNA.SBS5","A>T","G[A>T]T",0.00151971
"RNA.SBS5","C>A","G[C>A]A",5.34e-05
"RNA.SBS5","C>A","G[C>A]C",0.000689264
"RNA.SBS5","C>A","G[C>A]G",1.24e-05
"RNA.SBS5","C>A","G[C>A]T",0.000120744
"RNA.SBS5","C>G","G[C>G]A",0.002912286
"RNA.SBS5","C>G","G[C>G]C",0.000253486
"RNA.SBS5","C>G","G[C>G]G",2.35e-05
"RNA.SBS5","C>G","G[C>G]T",7.06e-05
"RNA.SBS5","C>T","G[C>T]A",0.000253562
"RNA.SBS5","C>T","G[C>T]C",0.005318983
"RNA.SBS5","C>T","G[C>T]G",0.000705919
"RNA.SBS5","C>T","G[C>T]T",0.00314325
"RNA.SBS5","G>A","G[G>A]A",0.00108032
"RNA.SBS5","G>A","G[G>A]C",0.002057781
"RNA.SBS5","G>A","G[G>A]G",0.002612261
"RNA.SBS5","G>A","G[G>A]T",0.000686889
"RNA.SBS5","G>C","G[G>C]A",0.00099965
"RNA.SBS5","G>C","G[G>C]C",0.000315798
"RNA.SBS5","G>C","G[G>C]G",4.56e-05
"RNA.SBS5","G>C","G[G>C]T",2.81e-05
"RNA.SBS5","G>T","G[G>T]A",0.082964921
"RNA.SBS5","G>T","G[G>T]C",0.053276618
"RNA.SBS5","G>T","G[G>T]G",0.003442747
"RNA.SBS5","G>T","G[G>T]T",0.047741091
"RNA.SBS5","T>A","G[T>A]A",0.000128113
"RNA.SBS5","T>A","G[T>A]C",0
"RNA.SBS5","T>A","G[T>A]G",5.87e-05
"RNA.SBS5","T>A","G[T>A]T",1.09e-05
"RNA.SBS5","T>C","G[T>C]A",0.000284319
"RNA.SBS5","T>C","G[T>C]C",0.005616545
"RNA.SBS5","T>C","G[T>C]G",0.001808536
"RNA.SBS5","T>C","G[T>C]T",0.001003426
"RNA.SBS5","T>G","G[T>G]A",4.75e-05
"RNA.SBS5","T>G","G[T>G]C",0.001585366
"RNA.SBS5","T>G","G[T>G]G",0.000934158
"RNA.SBS5","T>G","G[T>G]T",0.000292173
"RNA.SBS5","A>C","T[A>C]A",3.45e-05
"RNA.SBS5","A>C","T[A>C]C",0
"RNA.SBS5","A>C","T[A>C]G",1.32e-06
"RNA.SBS5","A>C","T[A>C]T",4.67e-05
"RNA.SBS5","A>G","T[A>G]A",0.001263526
"RNA.SBS5","A>G","T[A>G]C",0.02511718
"RNA.SBS5","A>G","T[A>G]G",0.007609408
"RNA.SBS5","A>G","T[A>G]T",0.019021362
"RNA.SBS5","A>T","T[A>T]A",0
"RNA.SBS5","A>T","T[A>T]C",0.000602611
"RNA.SBS5","A>T","T[A>T]G",3.39e-05
"RNA.SBS5","A>T","T[A>T]T",0.000176202
"RNA.SBS5","C>A","T[C>A]A",1.85e-05
"RNA.SBS5","C>A","T[C>A]C",2.87e-05
"RNA.SBS5","C>A","T[C>A]G",1.7e-05
"RNA.SBS5","C>A","T[C>A]T",0.000210958
"RNA.SBS5","C>G","T[C>G]A",0.000755062
"RNA.SBS5","C>G","T[C>G]C",0.001410344
"RNA.SBS5","C>G","T[C>G]G",0.000578127
"RNA.SBS5","C>G","T[C>G]T",0.000851639
"RNA.SBS5","C>T","T[C>T]A",0.002832419
"RNA.SBS5","C>T","T[C>T]C",0.001901997
"RNA.SBS5","C>T","T[C>T]G",0.003628483
"RNA.SBS5","C>T","T[C>T]T",0.001518834
"RNA.SBS5","G>A","T[G>A]A",0.000854079
"RNA.SBS5","G>A","T[G>A]C",0.004618234
"RNA.SBS5","G>A","T[G>A]G",0.003948633
"RNA.SBS5","G>A","T[G>A]T",0.000621816
"RNA.SBS5","G>C","T[G>C]A",0.000268061
"RNA.SBS5","G>C","T[G>C]C",0.000702158
"RNA.SBS5","G>C","T[G>C]G",0.000683418
"RNA.SBS5","G>C","T[G>C]T",0.001510415
"RNA.SBS5","G>T","T[G>T]A",0.050083968
"RNA.SBS5","G>T","T[G>T]C",0.018253365
"RNA.SBS5","G>T","T[G>T]G",0.02248655
"RNA.SBS5","G>T","T[G>T]T",0.058133155
"RNA.SBS5","T>A","T[T>A]A",9.56e-06
"RNA.SBS5","T>A","T[T>A]C",1.84e-05
"RNA.SBS5","T>A","T[T>A]G",9.77e-05
"RNA.SBS5","T>A","T[T>A]T",4.07e-05
"RNA.SBS5","T>C","T[T>C]A",0.000979222
"RNA.SBS5","T>C","T[T>C]C",0.002913756
"RNA.SBS5","T>C","T[T>C]G",0.002150558
"RNA.SBS5","T>C","T[T>C]T",0.002328149
"RNA.SBS5","T>G","T[T>G]A",2.89e-05
"RNA.SBS5","T>G","T[T>G]C",3.41e-05
"RNA.SBS5","T>G","T[T>G]G",0.000213908
"RNA.SBS5","T>G","T[T>G]T",0
